date,victim_count,victim_age,id,total_words,total_victims,fatalities,suspect_1_age,suspect_2_age
1982-08-20,1,46,1,1205,11,8,51,NA
1982-08-20,2,53,1,1205,11,8,51,NA
1982-08-20,3,47,1,1205,11,8,51,NA
1982-08-20,4,67,1,1205,11,8,51,NA
1982-08-20,5,78,1,1205,11,8,51,NA
1982-08-20,6,29,1,1205,11,8,51,NA
1982-08-20,7,38,1,1205,11,8,51,NA
1982-08-20,8,43,1,1205,11,8,51,NA
1984-06-29,1,34,2,481,7,6,39,NA
1984-06-29,2,45,2,481,7,6,39,NA
1984-06-29,3,43,2,481,7,6,39,NA
1984-06-29,4,36,2,481,7,6,39,NA
1984-06-29,5,49,2,481,7,6,39,NA
1984-06-29,6,46,2,481,7,6,39,NA
1984-07-18,1,19,3,5385,41,22,41,NA
1984-07-18,2,22,3,5385,41,22,41,NA
1984-07-18,3,18,3,5385,41,22,41,NA
1984-07-18,4,19,3,5385,41,22,41,NA
1984-07-18,5,11,3,5385,41,22,41,NA
1984-07-18,6,22,3,5385,41,22,41,NA
1984-07-18,7,11,3,5385,41,22,41,NA
1984-07-18,8,31,3,5385,41,22,41,NA
1984-07-18,9,11,3,5385,41,22,41,NA
1984-07-18,10,21,3,5385,41,22,41,NA
1984-07-18,11,18,3,5385,41,22,41,NA
1984-07-18,12,9,3,5385,41,22,41,NA
1984-07-18,13,19,3,5385,41,22,41,NA
1984-07-18,14,1,3,5385,41,22,41,NA
1984-07-18,15,18,3,5385,41,22,41,NA
1984-07-18,16,25,3,5385,41,22,41,NA
1984-07-18,17,74,3,5385,41,22,41,NA
1984-07-18,18,31,3,5385,41,22,41,NA
1984-07-18,19,45,3,5385,41,22,41,NA
1984-07-18,20,70,3,5385,41,22,41,NA
1984-07-18,21,62,3,5385,41,22,41,NA
1986-08-20,1,41,4,7039,21,15,44,NA
1986-08-20,2,39,4,7039,21,15,44,NA
1986-08-20,3,38,4,7039,21,15,44,NA
1986-08-20,4,47,4,7039,21,15,44,NA
1986-08-20,5,30,4,7039,21,15,44,NA
1986-08-20,6,49,4,7039,21,15,44,NA
1986-08-20,7,30,4,7039,21,15,44,NA
1986-08-20,8,49,4,7039,21,15,44,NA
1986-08-20,9,34,4,7039,21,15,44,NA
1986-08-20,10,42,4,7039,21,15,44,NA
1986-08-20,11,51,4,7039,21,15,44,NA
1986-08-20,12,33,4,7039,21,15,44,NA
1986-08-20,13,31,4,7039,21,15,44,NA
1986-08-20,14,27,4,7039,21,15,44,NA
1987-04-23,1,18,5,5229,20,6,59,NA
1987-04-23,2,25,5,5229,20,6,59,NA
1987-04-23,3,28,5,5229,20,6,59,NA
1987-04-23,4,27,5,5229,20,6,59,NA
1987-04-23,5,67,5,5229,20,6,59,NA
1987-04-23,6,52,5,5229,20,6,59,NA
1988-02-16,1,36,6,2645,11,7,39,NA
1988-02-16,2,46,6,2645,11,7,39,NA
1988-02-16,3,49,6,2645,11,7,39,NA
1988-02-16,4,27,6,2645,11,7,39,NA
1988-02-16,5,26,6,2645,11,7,39,NA
1988-02-16,6,43,6,2645,11,7,39,NA
1988-02-16,7,23,6,2645,11,7,39,NA
1989-01-17,1,6,7,6676,35,6,26,NA
1989-01-17,2,8,7,6676,35,6,26,NA
1989-01-17,3,8,7,6676,35,6,26,NA
1989-01-17,4,9,7,6676,35,6,26,NA
1989-01-17,5,6,7,6676,35,6,26,NA
1989-09-14,1,54,8,5534,21,9,47,NA
1989-09-14,2,45,8,5534,21,9,47,NA
1989-09-14,3,47,8,5534,21,9,47,NA
1989-09-14,4,49,8,5534,21,9,47,NA
1989-09-14,5,46,8,5534,21,9,47,NA
1989-09-14,6,60,8,5534,21,9,47,NA
1989-09-14,7,56,8,5534,21,9,47,NA
1989-09-14,8,42,8,5534,21,9,47,NA
1989-09-14,9,NA,8,5534,21,9,47,NA
1990-06-18,1,39,9,1264,14,10,42,NA
1990-06-18,2,30,9,1264,14,10,42,NA
1990-06-18,3,50,9,1264,14,10,42,NA
1990-06-18,4,42,9,1264,14,10,42,NA
1990-06-18,5,40,9,1264,14,10,42,NA
1990-06-18,6,45,9,1264,14,10,42,NA
1990-06-18,7,36,9,1264,14,10,42,NA
1990-06-18,8,45,9,1264,14,10,42,NA
1990-06-18,9,30,9,1264,14,10,42,NA
1990-06-18,10,33,9,1264,14,10,42,NA
1990-06-18,11,38,9,1264,14,10,42,NA
1991-10-16,1,57,10,10393,44,24,35,NA
1991-10-16,2,48,10,10393,44,24,35,NA
1991-10-16,3,62,10,10393,44,24,35,NA
1991-10-16,4,43,10,10393,44,24,35,NA
1991-10-16,5,71,10,10393,44,24,35,NA
1991-10-16,6,67,10,10393,44,24,35,NA
1991-10-16,7,33,10,10393,44,24,35,NA
1991-10-16,8,48,10,10393,44,24,35,NA
1991-10-16,9,70,10,10393,44,24,35,NA
1991-10-16,10,63,10,10393,44,24,35,NA
1991-10-16,11,30,10,10393,44,24,35,NA
1991-10-16,12,45,10,10393,44,24,35,NA
1991-10-16,13,41,10,10393,44,24,35,NA
1991-10-16,14,55,10,10393,44,24,35,NA
1991-10-16,15,36,10,10393,44,24,35,NA
1991-10-16,16,33,10,10393,44,24,35,NA
1991-10-16,17,33,10,10393,44,24,35,NA
1991-10-16,18,55,10,10393,44,24,35,NA
1991-10-16,19,44,10,10393,44,24,35,NA
1991-10-16,20,45,10,10393,44,24,35,NA
1991-10-16,21,75,10,10393,44,24,35,NA
1991-10-16,22,75,10,10393,44,24,35,NA
1991-10-16,23,64,10,10393,44,24,35,NA
1991-11-01,1,55,11,2883,7,6,28,NA
1991-11-01,2,47,11,2883,7,6,28,NA
1991-11-01,3,44,11,2883,7,6,28,NA
1991-11-01,4,45,11,2883,7,6,28,NA
1991-11-01,5,26,11,2883,7,6,28,NA
1991-11-14,1,32,12,2423,10,5,31,NA
1991-11-14,2,33,12,2423,10,5,31,NA
1991-11-14,3,37,12,2423,10,5,31,NA
1991-11-14,4,33,12,2423,10,5,31,NA
1992-05-01,1,28,13,467,14,4,20,NA
1992-05-01,2,17,13,467,14,4,20,NA
1992-05-01,3,16,13,467,14,4,20,NA
1992-05-01,4,19,13,467,14,4,20,NA
1992-10-15,1,28,14,4270,5,5,50,NA
1992-10-15,2,54,14,4270,5,5,50,NA
1992-10-15,3,50,14,4270,5,5,50,NA
1992-10-15,4,48,14,4270,5,5,50,NA
1993-07-01,1,52,15,4726,15,9,55,NA
1993-07-01,2,36,15,4726,15,9,55,NA
1993-07-01,3,33,15,4726,15,9,55,NA
1993-07-01,4,48,15,4726,15,9,55,NA
1993-07-01,5,64,15,4726,15,9,55,NA
1993-07-01,6,28,15,4726,15,9,55,NA
1993-07-01,7,30,15,4726,15,9,55,NA
1993-07-01,8,30,15,4726,15,9,55,NA
1993-08-06,1,26,16,444,12,4,22,NA
1993-08-06,2,46,16,444,12,4,22,NA
1993-08-06,3,65,16,444,12,4,22,NA
1993-08-06,4,73,16,444,12,4,22,NA
1993-12-07,1,27,17,41899,25,6,35,NA
1993-12-07,2,51,17,41899,25,6,35,NA
1993-12-07,3,27,17,41899,25,6,35,NA
1993-12-07,4,30,17,41899,25,6,35,NA
1993-12-07,5,52,17,41899,25,6,35,NA
1993-12-07,6,24,17,41899,25,6,35,NA
1993-12-14,1,19,18,1796,5,4,19,NA
1993-12-14,2,17,18,1796,5,4,19,NA
1993-12-14,3,50,18,1796,5,4,19,NA
1993-12-14,4,17,18,1796,5,4,19,NA
1994-06-20,1,31,19,1210,28,5,20,NA
1994-06-20,2,40,19,1210,28,5,20,NA
1994-06-20,3,8,19,1210,28,5,20,NA
1994-06-20,4,62,19,1210,28,5,20,NA
1995-04-03,1,41,20,235,6,6,28,NA
1995-04-03,2,35,20,235,6,6,28,NA
1995-04-03,3,62,20,235,6,6,28,NA
1995-04-03,4,62,20,235,6,6,28,NA
1995-04-03,5,34,20,235,6,6,28,NA
1996-02-09,1,40,21,993,7,6,41,NA
1996-02-09,2,46,21,993,7,6,41,NA
1996-02-09,3,36,21,993,7,6,41,NA
1996-02-09,4,37,21,993,7,6,41,NA
1996-02-09,5,44,21,993,7,6,41,NA
1997-09-15,1,31,22,160,7,4,43,NA
1997-09-15,2,56,22,160,7,4,43,NA
1997-09-15,3,30,22,160,7,4,43,NA
1997-09-15,4,27,22,160,7,4,43,NA
1997-12-18,1,51,23,570,7,5,41,NA
1997-12-18,2,43,23,570,7,5,41,NA
1997-12-18,3,49,23,570,7,5,41,NA
1997-12-18,4,40,23,570,7,5,41,NA
1998-03-06,1,54,24,8826,6,5,35,NA
1998-03-06,2,33,24,8826,6,5,35,NA
1998-03-06,3,38,24,8826,6,5,35,NA
1998-03-06,4,40,24,8826,6,5,35,NA
1998-03-24,1,11,25,24695,15,5,13,11
1998-03-24,2,12,25,24695,15,5,13,11
1998-03-24,3,12,25,24695,15,5,13,11
1998-03-24,4,11,25,24695,15,5,13,11
1998-03-24,5,32,25,24695,15,5,13,11
1998-05-21,1,59,26,13245,29,4,15,NA
1998-05-21,2,57,26,13245,29,4,15,NA
1998-05-21,3,17,26,13245,29,4,15,NA
1998-05-21,4,16,26,13245,29,4,15,NA
1999-04-20,1,17,27,94420,37,13,18,17
1999-04-20,2,14,27,94420,37,13,18,17
1999-04-20,3,17,27,94420,37,13,18,17
1999-04-20,4,16,27,94420,37,13,18,17
1999-04-20,5,16,27,94420,37,13,18,17
1999-04-20,6,15,27,94420,37,13,18,17
1999-04-20,7,15,27,94420,37,13,18,17
1999-04-20,8,47,27,94420,37,13,18,17
1999-04-20,9,17,27,94420,37,13,18,17
1999-04-20,10,18,27,94420,37,13,18,17
1999-04-20,11,16,27,94420,37,13,18,17
1999-04-20,12,18,27,94420,37,13,18,17
1999-04-20,13,16,27,94420,37,13,18,17
1999-07-29,1,27,28,13760,22,9,44,NA
1999-07-29,2,11,28,13760,22,9,44,NA
1999-07-29,3,8,28,13760,22,9,44,NA
1999-07-29,4,42,28,13760,22,9,44,NA
1999-07-29,5,52,28,13760,22,9,44,NA
1999-07-29,6,60,28,13760,22,9,44,NA
1999-07-29,7,38,28,13760,22,9,44,NA
1999-07-29,8,45,28,13760,22,9,44,NA
1999-07-29,9,44,28,13760,22,9,44,NA
1999-07-29,10,58,28,13760,22,9,44,NA
1999-07-29,11,48,28,13760,22,9,44,NA
1999-07-29,12,30,28,13760,22,9,44,NA
1999-09-15,1,14,29,14206,15,8,47,NA
1999-09-15,2,23,29,14206,15,8,47,NA
1999-09-15,3,36,29,14206,15,8,47,NA
1999-09-15,4,14,29,14206,15,8,47,NA
1999-09-15,5,14,29,14206,15,8,47,NA
1999-09-15,6,23,29,14206,15,8,47,NA
1999-09-15,7,17,29,14206,15,8,47,NA
1999-11-02,1,33,30,3834,7,7,40,NA
1999-11-02,2,41,30,3834,7,7,40,NA
1999-11-02,3,50,30,3834,7,7,40,NA
1999-11-02,4,54,30,3834,7,7,40,NA
1999-11-02,5,58,30,3834,7,7,40,NA
1999-11-02,6,46,30,3834,7,7,40,NA
1999-11-02,7,36,30,3834,7,7,40,NA
1999-12-30,1,40,31,754,8,5,36,NA
1999-12-30,2,55,31,754,8,5,36,NA
1999-12-30,3,43,31,754,8,5,36,NA
1999-12-30,4,29,31,754,8,5,36,NA
1999-12-30,5,56,31,754,8,5,36,NA
2000-12-26,1,29,32,6082,7,7,42,NA
2000-12-26,2,46,32,6082,7,7,42,NA
2000-12-26,3,58,32,6082,7,7,42,NA
2000-12-26,4,48,32,6082,7,7,42,NA
2000-12-26,5,36,32,6082,7,7,42,NA
2000-12-26,6,50,32,6082,7,7,42,NA
2000-12-26,7,29,32,6082,7,7,42,NA
2001-02-05,1,48,33,1661,9,5,66,NA
2001-02-05,2,52,33,1661,9,5,66,NA
2001-02-05,3,44,33,1661,9,5,66,NA
2001-02-05,4,47,33,1661,9,5,66,NA
2003-07-08,1,53,34,1298,15,7,48,NA
2003-07-08,2,46,34,1298,15,7,48,NA
2003-07-08,3,45,34,1298,15,7,48,NA
2003-07-08,4,47,34,1298,15,7,48,NA
2003-07-08,5,58,34,1298,15,7,48,NA
2003-07-08,6,57,34,1298,15,7,48,NA
2004-12-08,1,38,35,2888,12,5,25,NA
2004-12-08,2,29,35,2888,12,5,25,NA
2004-12-08,3,23,35,2888,12,5,25,NA
2004-12-08,4,40,35,2888,12,5,25,NA
2005-03-12,1,55,36,4200,11,7,44,NA
2005-03-12,2,74,36,4200,11,7,44,NA
2005-03-12,3,16,36,4200,11,7,44,NA
2005-03-12,4,51,36,4200,11,7,44,NA
2005-03-12,5,44,36,4200,11,7,44,NA
2005-03-12,6,15,36,4200,11,7,44,NA
2005-03-12,7,58,36,4200,11,7,44,NA
2005-03-21,1,28,37,17513,15,10,16,NA
2005-03-21,2,15,37,17513,15,10,16,NA
2005-03-21,3,15,37,17513,15,10,16,NA
2005-03-21,4,58,37,17513,15,10,16,NA
2005-03-21,5,62,37,17513,15,10,16,NA
2005-03-21,6,15,37,17513,15,10,16,NA
2005-03-21,7,32,37,17513,15,10,16,NA
2005-03-21,8,15,37,17513,15,10,16,NA
2005-03-21,9,15,37,17513,15,10,16,NA
2006-01-30,1,37,38,3783,8,8,44,NA
2006-01-30,2,54,38,3783,8,8,44,NA
2006-01-30,3,42,38,3783,8,8,44,NA
2006-01-30,4,28,38,3783,8,8,44,NA
2006-01-30,5,57,38,3783,8,8,44,NA
2006-01-30,6,52,38,3783,8,8,44,NA
2006-01-30,7,44,38,3783,8,8,44,NA
2006-03-25,1,26,39,2190,9,7,28,NA
2006-03-25,2,14,39,2190,9,7,28,NA
2006-03-25,3,22,39,2190,9,7,28,NA
2006-03-25,4,15,39,2190,9,7,28,NA
2006-03-25,5,32,39,2190,9,7,28,NA
2006-03-25,6,21,39,2190,9,7,28,NA
2006-10-02,1,7,40,6833,11,6,32,NA
2006-10-02,2,13,40,6833,11,6,32,NA
2006-10-02,3,7,40,6833,11,6,32,NA
2006-10-02,4,8,40,6833,11,6,32,NA
2006-10-02,5,12,40,6833,11,6,32,NA
2007-02-12,1,29,41,2755,10,6,18,NA
2007-02-12,2,24,41,2755,10,6,18,NA
2007-02-12,3,15,41,2755,10,6,18,NA
2007-02-12,4,29,41,2755,10,6,18,NA
2007-02-12,5,52,41,2755,10,6,18,NA
2007-04-16,1,20,42,59806,55,32,23,NA
2007-04-16,2,35,42,59806,55,32,23,NA
2007-04-16,3,25,42,59806,55,32,23,NA
2007-04-16,4,22,42,59806,55,32,23,NA
2007-04-16,5,18,42,59806,55,32,23,NA
2007-04-16,6,49,42,59806,55,32,23,NA
2007-04-16,7,45,42,59806,55,32,23,NA
2007-04-16,8,24,42,59806,55,32,23,NA
2007-04-16,9,19,42,59806,55,32,23,NA
2007-04-16,10,27,42,59806,55,32,23,NA
2007-04-16,11,18,42,59806,55,32,23,NA
2007-04-16,12,19,42,59806,55,32,23,NA
2007-04-16,13,22,42,59806,55,32,23,NA
2007-04-16,14,20,42,59806,55,32,23,NA
2007-04-16,15,20,42,59806,55,32,23,NA
2007-04-16,16,76,42,59806,55,32,23,NA
2007-04-16,17,51,42,59806,55,32,23,NA
2007-04-16,18,34,42,59806,55,32,23,NA
2007-04-16,19,20,42,59806,55,32,23,NA
2007-04-16,20,22,42,59806,55,32,23,NA
2007-04-16,21,26,42,59806,55,32,23,NA
2007-04-16,22,26,42,59806,55,32,23,NA
2007-04-16,23,21,42,59806,55,32,23,NA
2007-04-16,24,18,42,59806,55,32,23,NA
2007-04-16,25,23,42,59806,55,32,23,NA
2007-04-16,26,23,42,59806,55,32,23,NA
2007-04-16,27,19,42,59806,55,32,23,NA
2007-04-16,28,18,42,59806,55,32,23,NA
2007-04-16,29,32,42,59806,55,32,23,NA
2007-04-16,30,20,42,59806,55,32,23,NA
2007-04-16,31,22,42,59806,55,32,23,NA
2007-04-16,32,20,42,59806,55,32,23,NA
2007-10-07,1,18,43,1929,7,6,20,NA
2007-10-07,2,14,43,1929,7,6,20,NA
2007-10-07,3,14-20,43,1929,7,6,20,NA
2007-10-07,4,14-20,43,1929,7,6,20,NA
2007-10-07,5,14-20,43,1929,7,6,20,NA
2007-10-07,6,20,43,1929,7,6,20,NA
2007-12-05,1,47,44,5358,13,9,19,NA
2007-12-05,2,56,44,5358,13,9,19,NA
2007-12-05,3,66,44,5358,13,9,19,NA
2007-12-05,4,65,44,5358,13,9,19,NA
2007-12-05,5,48,44,5358,13,9,19,NA
2007-12-05,6,36,44,5358,13,9,19,NA
2007-12-05,7,53,44,5358,13,9,19,NA
2007-12-05,8,24,44,5358,13,9,19,NA
2008-02-07,1,37,45,1908,8,6,52,NA
2008-02-07,2,50,45,1908,8,6,52,NA
2008-02-07,3,51,45,1908,8,6,52,NA
2008-02-07,4,63,45,1908,8,6,52,NA
2008-02-07,5,69,45,1908,8,6,52,NA
2008-02-07,6,61,45,1908,8,6,52,NA
2008-02-14,1,20,46,6828,26,5,27,NA
2008-02-14,2,20,46,6828,26,5,27,NA
2008-02-14,3,32,46,6828,26,5,27,NA
2008-02-14,4,19,46,6828,26,5,27,NA
2008-02-14,5,20,46,6828,26,5,27,NA
2008-06-25,1,28,47,0,7,6,25,NA
2008-06-25,2,25,47,0,7,6,25,NA
2008-06-25,3,29,47,0,7,6,25,NA
2008-06-25,4,30,47,0,7,6,25,NA
2008-06-25,5,26,47,0,7,6,25,NA
2009-03-29,1,39,48,1800,11,8,45,NA
2009-03-29,2,98,48,1800,11,8,45,NA
2009-03-29,3,89,48,1800,11,8,45,NA
2009-03-29,4,88,48,1800,11,8,45,NA
2009-03-29,5,78,48,1800,11,8,45,NA
2009-03-29,6,78,48,1800,11,8,45,NA
2009-03-29,7,89,48,1800,11,8,45,NA
2009-03-29,8,88,48,1800,11,8,45,NA
2009-04-03,1,26,49,11534,18,14,41,NA
2009-04-03,2,43,49,11534,18,14,41,NA
2009-04-03,3,46,49,11534,18,14,41,NA
2009-04-03,4,44,49,11534,18,14,41,NA
2009-04-03,5,47,49,11534,18,14,41,NA
2009-04-03,6,39,49,11534,18,14,41,NA
2009-04-03,7,57,49,11534,18,14,41,NA
2009-04-03,8,72,49,11534,18,14,41,NA
2009-04-03,9,22,49,11534,18,14,41,NA
2009-04-03,10,35,49,11534,18,14,41,NA
2009-04-03,11,53,49,11534,18,14,41,NA
2009-04-03,12,54,49,11534,18,14,41,NA
2009-04-03,13,60,49,11534,18,14,41,NA
2009-11-05,1,62,50,39607,44,13,39,NA
2009-11-05,2,52,50,39607,44,13,39,NA
2009-11-05,3,32,50,39607,44,13,39,NA
2009-11-05,4,56,50,39607,44,13,39,NA
2009-11-05,5,29,50,39607,44,13,39,NA
2009-11-05,6,22,50,39607,44,13,39,NA
2009-11-05,7,29,50,39607,44,13,39,NA
2009-11-05,8,19,50,39607,44,13,39,NA
2009-11-05,9,22,50,39607,44,13,39,NA
2009-11-05,10,51,50,39607,44,13,39,NA
2009-11-05,11,21,50,39607,44,13,39,NA
2009-11-05,12,55,50,39607,44,13,39,NA
2009-11-05,13,23,50,39607,44,13,39,NA
2009-11-29,1,40,51,4823,5,4,37,NA
2009-11-29,2,37,51,4823,5,4,37,NA
2009-11-29,3,39,51,4823,5,4,37,NA
2009-11-29,4,42,51,4823,5,4,37,NA
2010-08-03,1,51,52,7449,11,9,34,NA
2010-08-03,2,51,52,7449,11,9,34,NA
2010-08-03,3,57,52,7449,11,9,34,NA
2010-08-03,4,50,52,7449,11,9,34,NA
2010-08-03,5,59,52,7449,11,9,34,NA
2010-08-03,6,49,52,7449,11,9,34,NA
2010-08-03,7,60,52,7449,11,9,34,NA
2010-08-03,8,56,52,7449,11,9,34,NA
2011-01-08,1,9,53,111269,19,6,22,NA
2011-01-08,2,76,53,111269,19,6,22,NA
2011-01-08,3,63,53,111269,19,6,22,NA
2011-01-08,4,79,53,111269,19,6,22,NA
2011-01-08,5,76,53,111269,19,6,22,NA
2011-01-08,6,30,53,111269,19,6,22,NA
2011-09-06,1,67,54,2102,12,5,32,NA
2011-09-06,2,35,54,2102,12,5,32,NA
2011-09-06,3,31,54,2102,12,5,32,NA
2011-09-06,4,38,54,2102,12,5,32,NA
2011-10-12,1,54,55,905,9,8,42,NA
2011-10-12,2,64,55,905,9,8,42,NA
2011-10-12,3,62,55,905,9,8,42,NA
2011-10-12,4,47,55,905,9,8,42,NA
2011-10-12,5,48,55,905,9,8,42,NA
2011-10-12,6,65,55,905,9,8,42,NA
2011-10-12,7,46,55,905,9,8,42,NA
2011-10-12,8,47,55,905,9,8,42,NA
2012-02-21,1,61,56,106,5,5,59,NA
2012-02-21,2,64,56,106,5,5,59,NA
2012-02-21,3,57,56,106,5,5,59,NA
2012-02-21,4,55,56,106,5,5,59,NA
2012-04-02,1,38,57,2005,10,7,43,NA
2012-04-02,2,40,57,2005,10,7,43,NA
2012-04-02,3,33,57,2005,10,7,43,NA
2012-04-02,4,23,57,2005,10,7,43,NA
2012-04-02,5,24,57,2005,10,7,43,NA
2012-04-02,6,53,57,2005,10,7,43,NA
2012-04-02,7,21,57,2005,10,7,43,NA
2012-05-30,1,52,58,1488,7,6,40,NA
2012-05-30,2,45,58,1488,7,6,40,NA
2012-05-30,3,57,58,1488,7,6,40,NA
2012-05-30,4,38,58,1488,7,6,40,NA
2012-05-30,5,52,58,1488,7,6,40,NA
2012-07-20,1,26,59,34992,82,12,24,NA
2012-07-20,2,18,59,34992,82,12,24,NA
2012-07-20,3,29,59,34992,82,12,24,NA
2012-07-20,4,51,59,34992,82,12,24,NA
2012-07-20,5,24,59,34992,82,12,24,NA
2012-07-20,6,27,59,34992,82,12,24,NA
2012-07-20,7,27,59,34992,82,12,24,NA
2012-07-20,8,23,59,34992,82,12,24,NA
2012-07-20,9,6,59,34992,82,12,24,NA
2012-07-20,10,27,59,34992,82,12,24,NA
2012-07-20,11,24,59,34992,82,12,24,NA
2012-07-20,12,32,59,34992,82,12,24,NA
2012-08-05,1,65,60,15677,10,7,40,NA
2012-08-05,2,41,60,15677,10,7,40,NA
2012-08-05,3,39,60,15677,10,7,40,NA
2012-08-05,4,49,60,15677,10,7,40,NA
2012-08-05,5,41,60,15677,10,7,40,NA
2012-08-05,6,84,60,15677,10,7,40,NA
2012-09-27,1,50,61,480,8,7,36,NA
2012-09-27,2,34,61,480,8,7,36,NA
2012-09-27,3,62,61,480,8,7,36,NA
2012-09-27,4,58,61,480,8,7,36,NA
2012-09-27,5,61,61,480,8,7,36,NA
2012-09-27,6,42,61,480,8,7,36,NA
2012-12-14,1,29,62,106800,29,27,20,NA
2012-12-14,2,47,62,106800,29,27,20,NA
2012-12-14,3,52,62,106800,29,27,20,NA
2012-12-14,4,52,62,106800,29,27,20,NA
2012-12-14,5,30,62,106800,29,27,20,NA
2012-12-14,6,56,62,106800,29,27,20,NA
2012-12-14,7,27,62,106800,29,27,20,NA
2012-12-14,8,6,62,106800,29,27,20,NA
2012-12-14,9,7,62,106800,29,27,20,NA
2012-12-14,10,6,62,106800,29,27,20,NA
2012-12-14,11,7,62,106800,29,27,20,NA
2012-12-14,12,6,62,106800,29,27,20,NA
2012-12-14,13,6,62,106800,29,27,20,NA
2012-12-14,14,6,62,106800,29,27,20,NA
2012-12-14,15,7,62,106800,29,27,20,NA
2012-12-14,16,6,62,106800,29,27,20,NA
2012-12-14,17,6,62,106800,29,27,20,NA
2012-12-14,18,6,62,106800,29,27,20,NA
2012-12-14,19,7,62,106800,29,27,20,NA
2012-12-14,20,6,62,106800,29,27,20,NA
2012-12-14,21,6,62,106800,29,27,20,NA
2012-12-14,22,6,62,106800,29,27,20,NA
2012-12-14,23,6,62,106800,29,27,20,NA
2012-12-14,24,6,62,106800,29,27,20,NA
2012-12-14,25,6,62,106800,29,27,20,NA
2012-12-14,26,6,62,106800,29,27,20,NA
2012-12-14,27,6,62,106800,29,27,20,NA
2013-03-13,1,68,63,2853,7,5,64,NA
2013-03-13,2,57,63,2853,7,5,64,NA
2013-03-13,3,51,63,2853,7,5,64,NA
2013-03-13,4,62,63,2853,7,5,64,NA
2013-04-21,1,24,64,174,5,5,27,NA
2013-04-21,2,47,64,174,5,5,27,NA
2013-04-21,3,62,64,174,5,5,27,NA
2013-04-21,4,23,64,174,5,5,27,NA
2013-06-07,1,68,65,1526,9,6,23,NA
2013-06-07,2,26,65,1526,9,6,23,NA
2013-06-07,3,68,65,1526,9,6,23,NA
2013-06-07,4,25,65,1526,9,6,23,NA
2013-06-07,5,55,65,1526,9,6,23,NA
2013-07-26,1,33,66,657,7,7,42,NA
2013-07-26,2,51,66,657,7,7,42,NA
2013-07-26,3,17,66,657,7,7,42,NA
2013-07-26,4,69,66,657,7,7,42,NA
2013-07-26,5,79,66,657,7,7,42,NA
2013-07-26,6,64,66,657,7,7,42,NA
2013-09-16,1,59,67,20338,20,12,34,NA
2013-09-16,2,54,67,20338,20,12,34,NA
2013-09-16,3,51,67,20338,20,12,34,NA
2013-09-16,4,53,67,20338,20,12,34,NA
2013-09-16,5,62,67,20338,20,12,34,NA
2013-09-16,6,73,67,20338,20,12,34,NA
2013-09-16,7,51,67,20338,20,12,34,NA
2013-09-16,8,50,67,20338,20,12,34,NA
2013-09-16,9,61,67,20338,20,12,34,NA
2013-09-16,10,46,67,20338,20,12,34,NA
2013-09-16,11,58,67,20338,20,12,34,NA
2013-09-16,12,52,67,20338,20,12,34,NA
2014-02-20,1,30,68,138,6,4,44,NA
2014-02-20,2,50,68,138,6,4,44,NA
2014-02-20,3,19,68,138,6,4,44,NA
2014-02-20,4,47,68,138,6,4,44,NA
2014-04-03,1,39,69,13430,15,3,34,NA
2014-04-03,2,37,69,13430,15,3,34,NA
2014-04-03,3,38,69,13430,15,3,34,NA
2014-05-23,1,19,70,21107,19,6,22,NA
2014-05-23,2,22,70,21107,19,6,22,NA
2014-05-23,3,20,70,21107,19,6,22,NA
2014-05-23,4,20,70,21107,19,6,22,NA
2014-05-23,5,20,70,21107,19,6,22,NA
2014-05-23,6,19,70,21107,19,6,22,NA
2014-10-24,1,14,71,5255,6,5,15,NA
2014-10-24,2,15,71,5255,6,5,15,NA
2014-10-24,3,14,71,5255,6,5,15,NA
2014-10-24,4,14,71,5255,6,5,15,NA
2015-06-11,1,33,72,0,4,3,27,NA
2015-06-11,2,11,72,0,4,3,27,NA
2015-06-11,3,31,72,0,4,3,27,NA
2015-06-17,1,45,73,81793,10,9,21,NA
2015-06-17,2,49,73,81793,10,9,21,NA
2015-06-17,3,54,73,81793,10,9,21,NA
2015-06-17,4,87,73,81793,10,9,21,NA
2015-06-17,5,70,73,81793,10,9,21,NA
2015-06-17,6,41,73,81793,10,9,21,NA
2015-06-17,7,26,73,81793,10,9,21,NA
2015-06-17,8,74,73,81793,10,9,21,NA
2015-06-17,9,59,73,81793,10,9,21,NA
2015-07-16,1,25,74,20301,7,5,24,NA
2015-07-16,2,26,74,20301,7,5,24,NA
2015-07-16,3,40,74,20301,7,5,24,NA
2015-07-16,4,21,74,20301,7,5,24,NA
2015-07-16,5,35,74,20301,7,5,24,NA
2015-10-01,1,19,75,41108,18,9,26,NA
2015-10-01,2,20,75,41108,18,9,26,NA
2015-10-01,3,18,75,41108,18,9,26,NA
2015-10-01,4,18,75,41108,18,9,26,NA
2015-10-01,5,59,75,41108,18,9,26,NA
2015-10-01,6,18,75,41108,18,9,26,NA
2015-10-01,7,33,75,41108,18,9,26,NA
2015-10-01,8,67,75,41108,18,9,26,NA
2015-10-01,9,44,75,41108,18,9,26,NA
2015-10-31,1,35,76,352,3,3,33,NA
2015-10-31,2,34,76,352,3,3,33,NA
2015-10-31,3,42,76,352,3,3,33,NA
2015-11-27,1,44,77,23734,12,3,57,NA
2015-11-27,2,29,77,23734,12,3,57,NA
2015-11-27,3,35,77,23734,12,3,57,NA
2015-12-02,1,40,78,76891,35,14,28,29
2015-12-02,2,60,78,76891,35,14,28,29
2015-12-02,3,46,78,76891,35,14,28,29
2015-12-02,4,46,78,76891,35,14,28,29
2015-12-02,5,27,78,76891,35,14,28,29
2015-12-02,6,50,78,76891,35,14,28,29
2015-12-02,7,26,78,76891,35,14,28,29
2015-12-02,8,45,78,76891,35,14,28,29
2015-12-02,9,42,78,76891,35,14,28,29
2015-12-02,10,58,78,76891,35,14,28,29
2015-12-02,11,31,78,76891,35,14,28,29
2015-12-02,12,52,78,76891,35,14,28,29
2015-12-02,13,27,78,76891,35,14,28,29
2015-12-02,14,37,78,76891,35,14,28,29
2016-02-20,1,74,79,3508,8,6,45,NA
2016-02-20,2,68,79,3508,8,6,45,NA
2016-02-20,3,60,79,3508,8,6,45,NA
2016-02-20,4,62,79,3508,8,6,45,NA
2016-02-20,5,53,79,3508,8,6,45,NA
2016-02-20,6,17,79,3508,8,6,45,NA
2016-02-25,1,30,80,3088,17,3,38,NA
2016-02-25,2,31,80,3088,17,3,38,NA
2016-02-25,3,44,80,3088,17,3,38,NA
2016-06-12,1,23,81,124798,102,49,29,NA
2016-06-12,2,25,81,124798,102,49,29,NA
2016-06-12,3,26,81,124798,102,49,29,NA
2016-06-12,4,33,81,124798,102,49,29,NA
2016-06-12,5,21,81,124798,102,49,29,NA
2016-06-12,6,33,81,124798,102,49,29,NA
2016-06-12,7,29,81,124798,102,49,29,NA
2016-06-12,8,29,81,124798,102,49,29,NA
2016-06-12,9,24,81,124798,102,49,29,NA
2016-06-12,10,28,81,124798,102,49,29,NA
2016-06-12,11,31,81,124798,102,49,29,NA
2016-06-12,12,25,81,124798,102,49,29,NA
2016-06-12,13,39,81,124798,102,49,29,NA
2016-06-12,14,21,81,124798,102,49,29,NA
2016-06-12,15,25,81,124798,102,49,29,NA
2016-06-12,16,50,81,124798,102,49,29,NA
2016-06-12,17,32,81,124798,102,49,29,NA
2016-06-12,18,26,81,124798,102,49,29,NA
2016-06-12,19,22,81,124798,102,49,29,NA
2016-06-12,20,22,81,124798,102,49,29,NA
2016-06-12,21,41,81,124798,102,49,29,NA
2016-06-12,22,27,81,124798,102,49,29,NA
2016-06-12,23,30,81,124798,102,49,29,NA
2016-06-12,24,40,81,124798,102,49,29,NA
2016-06-12,25,19,81,124798,102,49,29,NA
2016-06-12,26,30,81,124798,102,49,29,NA
2016-06-12,27,25,81,124798,102,49,29,NA
2016-06-12,28,32,81,124798,102,49,29,NA
2016-06-12,29,49,81,124798,102,49,29,NA
2016-06-12,30,35,81,124798,102,49,29,NA
2016-06-12,31,18,81,124798,102,49,29,NA
2016-06-12,32,37,81,124798,102,49,29,NA
2016-06-12,33,27,81,124798,102,49,29,NA
2016-06-12,34,23,81,124798,102,49,29,NA
2016-06-12,35,25,81,124798,102,49,29,NA
2016-06-12,36,36,81,124798,102,49,29,NA
2016-06-12,37,32,81,124798,102,49,29,NA
2016-06-12,38,25,81,124798,102,49,29,NA
2016-06-12,39,37,81,124798,102,49,29,NA
2016-06-12,40,24,81,124798,102,49,29,NA
2016-06-12,41,24,81,124798,102,49,29,NA
2016-06-12,42,35,81,124798,102,49,29,NA
2016-06-12,43,25,81,124798,102,49,29,NA
2016-06-12,44,34,81,124798,102,49,29,NA
2016-06-12,45,33,81,124798,102,49,29,NA
2016-06-12,46,25,81,124798,102,49,29,NA
2016-06-12,47,22,81,124798,102,49,29,NA
2016-06-12,48,37,81,124798,102,49,29,NA
2016-06-12,49,31,81,124798,102,49,29,NA
2016-07-07,1,48,82,76643,16,5,25,NA
2016-07-07,2,40,82,76643,16,5,25,NA
2016-07-07,3,55,82,76643,16,5,25,NA
2016-07-07,4,43,82,76643,16,5,25,NA
2016-07-07,5,32,82,76643,16,5,25,NA
2016-07-17,1,45,83,29568,6,3,29,NA
2016-07-17,2,41,83,29568,6,3,29,NA
2016-07-17,3,32,83,29568,6,3,29,NA
2016-09-23,1,95,84,2129,5,5,20,NA
2016-09-23,2,61,84,2129,5,5,20,NA
2016-09-23,3,64,84,2129,5,5,20,NA
2016-09-23,4,16,84,2129,5,5,20,NA
2016-09-23,5,52,84,2129,5,5,20,NA
2017-01-06,1,69,85,11227,11,5,26,NA
2017-01-06,2,62,85,11227,11,5,26,NA
2017-01-06,3,56,85,11227,11,5,26,NA
2017-01-06,4,70,85,11227,11,5,26,NA
2017-01-06,5,84,85,11227,11,5,26,NA
2017-04-18,1,34,86,1020,3,3,39,NA
2017-04-18,2,37,86,1020,3,3,39,NA
2017-04-18,3,58,86,1020,3,3,39,NA
2017-05-12,1,36,87,0,3,3,42,NA
2017-05-12,2,48,87,0,3,3,42,NA
2017-05-12,3,46,87,0,3,3,42,NA
2017-06-05,1,53,88,468,5,5,45,NA
2017-06-05,2,46,88,468,5,5,45,NA
2017-06-05,3,44,88,468,5,5,45,NA
2017-06-05,4,57,88,468,5,5,45,NA
2017-06-05,5,69,88,468,5,5,45,NA
2017-06-07,1,26,89,0,3,3,24,NA
2017-06-07,2,47,89,0,3,3,24,NA
2017-06-07,3,63,89,0,3,3,24,NA
2017-06-14,1,56,90,234,5,3,38,NA
2017-06-14,2,46,90,234,5,3,38,NA
2017-06-14,3,50,90,234,5,3,38,NA
2017-10-01,1,35,91,74555,604,58,64,NA
2017-10-01,2,35,91,74555,604,58,64,NA
2017-10-01,3,49,91,74555,604,58,64,NA
2017-10-01,4,34,91,74555,604,58,64,NA
2017-10-01,5,54,91,74555,604,58,64,NA
2017-10-01,6,44,91,74555,604,58,64,NA
2017-10-01,7,40,91,74555,604,58,64,NA
2017-10-01,8,50,91,74555,604,58,64,NA
2017-10-01,9,34,91,74555,604,58,64,NA
2017-10-01,10,28,91,74555,604,58,64,NA
2017-10-01,11,58,91,74555,604,58,64,NA
2017-10-01,12,29,91,74555,604,58,64,NA
2017-10-01,13,54,91,74555,604,58,64,NA
2017-10-01,14,22,91,74555,604,58,64,NA
2017-10-01,15,50,91,74555,604,58,64,NA
2017-10-01,16,39,91,74555,604,58,64,NA
2017-10-01,17,31,91,74555,604,58,64,NA
2017-10-01,18,52,91,74555,604,58,64,NA
2017-10-01,19,20,91,74555,604,58,64,NA
2017-10-01,20,34,91,74555,604,58,64,NA
2017-10-01,21,44,91,74555,604,58,64,NA
2017-10-01,22,42,91,74555,604,58,64,NA
2017-10-01,23,38,91,74555,604,58,64,NA
2017-10-01,24,34,91,74555,604,58,64,NA
2017-10-01,25,33,91,74555,604,58,64,NA
2017-10-01,26,42,91,74555,604,58,64,NA
2017-10-01,27,55,91,74555,604,58,64,NA
2017-10-01,28,23,91,74555,604,58,64,NA
2017-10-01,29,28,91,74555,604,58,64,NA
2017-10-01,30,28,91,74555,604,58,64,NA
2017-10-01,31,29,91,74555,604,58,64,NA
2017-10-01,32,67,91,74555,604,58,64,NA
2017-10-01,33,24,91,74555,604,58,64,NA
2017-10-01,34,35,91,74555,604,58,64,NA
2017-10-01,35,33,91,74555,604,58,64,NA
2017-10-01,36,35,91,74555,604,58,64,NA
2017-10-01,37,31,91,74555,604,58,64,NA
2017-10-01,38,46,91,74555,604,58,64,NA
2017-10-01,39,56,91,74555,604,58,64,NA
2017-10-01,40,26,91,74555,604,58,64,NA
2017-10-01,41,21,91,74555,604,58,64,NA
2017-10-01,42,20,91,74555,604,58,64,NA
2017-10-01,43,28,91,74555,604,58,64,NA
2017-10-01,44,40,91,74555,604,58,64,NA
2017-10-01,45,34,91,74555,604,58,64,NA
2017-10-01,46,48,91,74555,604,58,64,NA
2017-10-01,47,28,91,74555,604,58,64,NA
2017-10-01,48,61,91,74555,604,58,64,NA
2017-10-01,49,20,91,74555,604,58,64,NA
2017-10-01,50,50,91,74555,604,58,64,NA
2017-10-01,51,21,91,74555,604,58,64,NA
2017-10-01,52,53,91,74555,604,58,64,NA
2017-10-01,53,30,91,74555,604,58,64,NA
2017-10-01,54,56,91,74555,604,58,64,NA
2017-10-01,55,46,91,74555,604,58,64,NA
2017-10-01,56,32,91,74555,604,58,64,NA
2017-10-01,57,55,91,74555,604,58,64,NA
2017-10-01,58,42,91,74555,604,58,64,NA
2017-10-18,1,53,92,0,6,3,37,NA
2017-10-18,2,34,92,0,6,3,37,NA
2017-10-18,3,48,92,0,6,3,37,NA
2017-11-01,1,66,93,525,3,3,47,NA
2017-11-01,2,26,93,525,3,3,47,NA
2017-11-01,3,52,93,525,3,3,47,NA
2017-11-05,1,62,94,38865,46,26,26,NA
2017-11-05,2,51,94,38865,46,26,26,NA
2017-11-05,3,51,94,38865,46,26,26,NA
2017-11-05,4,60,94,38865,46,26,26,NA
2017-11-05,5,36,94,38865,46,26,26,NA
2017-11-05,6,11,94,38865,46,26,26,NA
2017-11-05,7,13,94,38865,46,26,26,NA
2017-11-05,8,58,94,38865,46,26,26,NA
2017-11-05,9,36,94,38865,46,26,26,NA
2017-11-05,10,9,94,38865,46,26,26,NA
2017-11-05,11,1,94,38865,46,26,26,NA
2017-11-05,12,77,94,38865,46,26,26,NA
2017-11-05,13,68,94,38865,46,26,26,NA
2017-11-05,14,14,94,38865,46,26,26,NA
2017-11-05,15,16,94,38865,46,26,26,NA
2017-11-05,16,56,94,38865,46,26,26,NA
2017-11-05,17,56,94,38865,46,26,26,NA
2017-11-05,18,33,94,38865,46,26,26,NA
2017-11-05,19,64,94,38865,46,26,26,NA
2017-11-05,20,66,94,38865,46,26,26,NA
2017-11-05,21,30,94,38865,46,26,26,NA
2017-11-05,22,5,94,38865,46,26,26,NA
2017-11-05,23,7,94,38865,46,26,26,NA
2017-11-05,24,56,94,38865,46,26,26,NA
2017-11-05,25,71,94,38865,46,26,26,NA
2017-11-14,1,38,95,2505,15,5,44,NA
2017-11-14,2,38,95,2505,15,5,44,NA
2017-11-14,3,55,95,2505,15,5,44,NA
2017-11-14,4,56,95,2505,15,5,44,NA
2017-11-14,5,68,95,2505,15,5,44,NA
2018-01-28,1,25,96,0,5,4,28,NA
2018-01-28,2,21,96,0,5,4,28,NA
2018-01-28,3,23,96,0,5,4,28,NA
2018-01-28,4,NA,96,0,5,4,28,NA
2018-02-14,1,14,97,112309,34,17,19,NA
2018-02-14,2,14,97,112309,34,17,19,NA
2018-02-14,3,35,97,112309,34,17,19,NA
2018-02-14,4,17,97,112309,34,17,19,NA
2018-02-14,5,37,97,112309,34,17,19,NA
2018-02-14,6,14,97,112309,34,17,19,NA
2018-02-14,7,49,97,112309,34,17,19,NA
2018-02-14,8,15,97,112309,34,17,19,NA
2018-02-14,9,14,97,112309,34,17,19,NA
2018-02-14,10,14,97,112309,34,17,19,NA
2018-02-14,11,17,97,112309,34,17,19,NA
2018-02-14,12,14,97,112309,34,17,19,NA
2018-02-14,13,18,97,112309,34,17,19,NA
2018-02-14,14,17,97,112309,34,17,19,NA
2018-02-14,15,14,97,112309,34,17,19,NA
2018-02-14,16,16,97,112309,34,17,19,NA
2018-02-14,17,15,97,112309,34,17,19,NA
2018-03-09,1,48,98,1908,3,3,36,NA
2018-03-09,2,42,98,1908,3,3,36,NA
2018-03-09,3,29,98,1908,3,3,36,NA
2018-04-22,1,23,99,6103,8,4,29,NA
2018-04-22,2,21,99,6103,8,4,29,NA
2018-04-22,3,20,99,6103,8,4,29,NA
2018-04-22,4,29,99,6103,8,4,29,NA
2018-05-18,1,17,100,28248,23,10,17,NA
2018-05-18,2,16,100,28248,23,10,17,NA
2018-05-18,3,15,100,28248,23,10,17,NA
2018-05-18,4,15,100,28248,23,10,17,NA
2018-05-18,5,64,100,28248,23,10,17,NA
2018-05-18,6,15,100,28248,23,10,17,NA
2018-05-18,7,17,100,28248,23,10,17,NA
2018-05-18,8,17,100,28248,23,10,17,NA
2018-05-18,9,63,100,28248,23,10,17,NA
2018-05-18,10,14,100,28248,23,10,17,NA
2018-06-28,1,61,101,9671,7,5,38,NA
2018-06-28,2,59,101,9671,7,5,38,NA
2018-06-28,3,56,101,9671,7,5,38,NA
2018-06-28,4,34,101,9671,7,5,38,NA
2018-06-28,5,65,101,9671,7,5,38,NA
2018-09-06,1,25,102,983,5,3,29,NA
2018-09-06,2,64,102,983,5,3,29,NA
2018-09-06,3,48,102,983,5,3,29,NA
2018-09-12,1,45,103,934,5,5,54,NA
2018-09-12,2,57,103,934,5,5,54,NA
2018-09-12,3,50,103,934,5,5,54,NA
2018-09-12,4,31,103,934,5,5,54,NA
2018-09-12,5,50,103,934,5,5,54,NA
2018-09-20,1,45,104,1432,6,3,26,NA
2018-09-20,2,41,104,1432,6,3,26,NA
2018-09-20,3,21,104,1432,6,3,26,NA
2018-10-27,1,75,105,54043,17,11,46,NA
2018-10-27,2,65,105,54043,17,11,46,NA
2018-10-27,3,97,105,54043,17,11,46,NA
2018-10-27,4,66,105,54043,17,11,46,NA
2018-10-27,5,59,105,54043,17,11,46,NA
2018-10-27,6,54,105,54043,17,11,46,NA
2018-10-27,7,84,105,54043,17,11,46,NA
2018-10-27,8,86,105,54043,17,11,46,NA
2018-10-27,9,71,105,54043,17,11,46,NA
2018-10-27,10,88,105,54043,17,11,46,NA
2018-10-27,11,69,105,54043,17,11,46,NA
2018-11-07,1,48,106,15142,34,12,28,NA
2018-11-07,2,22,106,15142,34,12,28,NA
2018-11-07,3,21,106,15142,34,12,28,NA
2018-11-07,4,21,106,15142,34,12,28,NA
2018-11-07,5,54,106,15142,34,12,28,NA
2018-11-07,6,18,106,15142,34,12,28,NA
2018-11-07,7,33,106,15142,34,12,28,NA
2018-11-07,8,23,106,15142,34,12,28,NA
2018-11-07,9,20,106,15142,34,12,28,NA
2018-11-07,10,20,106,15142,34,12,28,NA
2018-11-07,11,27,106,15142,34,12,28,NA
2018-11-07,12,21,106,15142,34,12,28,NA
2018-11-19,1,38,107,844,3,3,32,NA
2018-11-19,2,28,107,844,3,3,32,NA
2018-11-19,3,25,107,844,3,3,32,NA
2019-01-23,1,54,108,1896,5,5,21,NA
2019-01-23,2,55,108,1896,5,5,21,NA
2019-01-23,3,31,108,1896,5,5,21,NA
2019-01-23,4,38,108,1896,5,5,21,NA
2019-01-23,5,65,108,1896,5,5,21,NA
2019-01-24,1,61,109,0,4,3,21,NA
2019-01-24,2,19,109,0,4,3,21,NA
2019-01-24,3,83,109,0,4,3,21,NA
2019-02-15,1,47,110,3712,11,5,45,NA
2019-02-15,2,32,110,3712,11,5,45,NA
2019-02-15,3,54,110,3712,11,5,45,NA
2019-02-15,4,37,110,3712,11,5,45,NA
2019-02-15,5,21,110,3712,11,5,45,NA
2019-05-31,1,39,111,17377,16,12,40,NA
2019-05-31,2,50,111,17377,16,12,40,NA
2019-05-31,3,39,111,17377,16,12,40,NA
2019-05-31,4,65,111,17377,16,12,40,NA
2019-05-31,5,35,111,17377,16,12,40,NA
2019-05-31,6,52,111,17377,16,12,40,NA
2019-05-31,7,60,111,17377,16,12,40,NA
2019-05-31,8,65,111,17377,16,12,40,NA
2019-05-31,9,42,111,17377,16,12,40,NA
2019-05-31,10,54,111,17377,16,12,40,NA
2019-05-31,11,57,111,17377,16,12,40,NA
2019-05-31,12,72,111,17377,16,12,40,NA
2019-07-28,1,6,112,4511,15,3,19,NA
2019-07-28,2,13,112,4511,15,3,19,NA
2019-07-28,3,25,112,4511,15,3,19,NA
2019-08-03,1,25,113,127966,48,22,21,NA
2019-08-03,2,23,113,127966,48,22,21,NA
2019-08-03,3,60,113,127966,48,22,21,NA
2019-08-03,4,41,113,127966,48,22,21,NA
2019-08-03,5,56,113,127966,48,22,21,NA
2019-08-03,6,77,113,127966,48,22,21,NA
2019-08-03,7,86,113,127966,48,22,21,NA
2019-08-03,8,66,113,127966,48,22,21,NA
2019-08-03,9,63,113,127966,48,22,21,NA
2019-08-03,10,90,113,127966,48,22,21,NA
2019-08-03,11,61,113,127966,48,22,21,NA
2019-08-03,12,46,113,127966,48,22,21,NA
2019-08-03,13,57,113,127966,48,22,21,NA
2019-08-03,14,66,113,127966,48,22,21,NA
2019-08-03,15,63,113,127966,48,22,21,NA
2019-08-03,16,15,113,127966,48,22,21,NA
2019-08-03,17,58,113,127966,48,22,21,NA
2019-08-03,18,82,113,127966,48,22,21,NA
2019-08-03,19,61,113,127966,48,22,21,NA
2019-08-03,20,68,113,127966,48,22,21,NA
2019-08-03,21,83,113,127966,48,22,21,NA
2019-08-03,22,77,113,127966,48,22,21,NA
2019-08-03,23,36,113,127966,48,22,21,NA
2019-08-04,1,22,114,76337,36,9,24,NA
2019-08-04,2,39,114,76337,36,9,24,NA
2019-08-04,3,25,114,76337,36,9,24,NA
2019-08-04,4,57,114,76337,36,9,24,NA
2019-08-04,5,25,114,76337,36,9,24,NA
2019-08-04,6,27,114,76337,36,9,24,NA
2019-08-04,7,38,114,76337,36,9,24,NA
2019-08-04,8,30,114,76337,36,9,24,NA
2019-08-04,9,36,114,76337,36,9,24,NA
2019-08-31,1,57,115,16991,32,7,36,NA
2019-08-31,2,30,115,16991,32,7,36,NA
2019-08-31,3,35,115,16991,32,7,36,NA
2019-08-31,4,29,115,16991,32,7,36,NA
2019-08-31,5,40,115,16991,32,7,36,NA
2019-08-31,6,15,115,16991,32,7,36,NA
2019-08-31,7,25,115,16991,32,7,36,NA
2019-12-06,1,19,116,12234,11,3,21,NA
2019-12-06,2,23,116,12234,11,3,21,NA
2019-12-06,3,21,116,12234,11,3,21,NA
2019-12-10,1,33,117,19493,7,4,47,50
2019-12-10,2,49,117,19493,7,4,47,50
2019-12-10,3,24,117,19493,7,4,47,50
2019-12-10,4,39,117,19493,7,4,47,50
2020-02-26,1,33,118,918,5,5,51,NA
2020-02-26,2,61,118,918,5,5,51,NA
2020-02-26,3,33,118,918,5,5,51,NA
2020-02-26,4,57,118,918,5,5,51,NA
2020-02-26,5,60,118,918,5,5,51,NA
2020-03-16,1,57,119,878,4,4,31,NA
2020-03-16,2,46,119,878,4,4,31,NA
2020-03-16,3,22,119,878,4,4,31,NA
2020-03-16,4,32,119,878,4,4,31,NA
2021-03-16,1,33,120,47964,9,8,21,NA
2021-03-16,2,54,120,47964,9,8,21,NA
2021-03-16,3,49,120,47964,9,8,21,NA
2021-03-16,4,44,120,47964,9,8,21,NA
2021-03-16,5,51,120,47964,9,8,21,NA
2021-03-16,6,69,120,47964,9,8,21,NA
2021-03-22,1,49,121,21668,10,10,21,NA
2021-03-22,2,25,121,21668,10,10,21,NA
2021-03-22,3,59,121,21668,10,10,21,NA
2021-03-22,4,23,121,21668,10,10,21,NA
2021-03-22,5,51,121,21668,10,10,21,NA
2021-03-22,6,20,121,21668,10,10,21,NA
2021-03-22,7,61,121,21668,10,10,21,NA
2021-03-22,8,51,121,21668,10,10,21,NA
2021-03-22,9,62,121,21668,10,10,21,NA
2021-03-22,10,65,121,21668,10,10,21,NA
2021-03-31,1,28,122,2381,5,4,44,NA
2021-03-31,2,50,122,2381,5,4,44,NA
2021-03-31,3,58,122,2381,5,4,44,NA
2021-03-31,4,9,122,2381,5,4,44,NA
2021-04-15,1,32,123,8003,15,8,19,NA
2021-04-15,2,19,123,8003,15,8,19,NA
2021-04-15,3,66,123,8003,15,8,19,NA
2021-04-15,4,64,123,8003,15,8,19,NA
2021-04-15,5,68,123,8003,15,8,19,NA
2021-04-15,6,48,123,8003,15,8,19,NA
2021-04-15,7,19,123,8003,15,8,19,NA
2021-04-15,8,74,123,8003,15,8,19,NA
2021-05-26,1,36,124,3009,9,9,57,NA
2021-05-26,2,63,124,3009,9,9,57,NA
2021-05-26,3,40,124,3009,9,9,57,NA
2021-05-26,4,63,124,3009,9,9,57,NA
2021-05-26,5,49,124,3009,9,9,57,NA
2021-05-26,6,42,124,3009,9,9,57,NA
2021-05-26,7,29,124,3009,9,9,57,NA
2021-05-26,8,35,124,3009,9,9,57,NA
2021-05-26,9,49,124,3009,9,9,57,NA